prod14880045_E610691299_F,ImageCenter:2018:Core:5_CO18SPR:Photography:Web:Final:Lighting:PresidioARoundChandelier36in_LacqueredBurnishedBrass_prod14880045_E610691299_F.tif
prod14880046_E610691524_Cano,ImageCenter:2018:Core:5_CO18SPR:Photography:Web:Final:Lighting:PresidioARoundChandelier48in_LacqueredBurnishedBrass_prod14880046_E610691524_Cano.tif
prod14880046_E610691524_DTL,ImageCenter:2018:Core:5_CO18SPR:Photography:Web:Final:Lighting:PresidioARoundChandelier48in_LacqueredBurnishedBrass_prod14880046_E610691524_DTL.tif
prod14880046_E610691524_F,ImageCenter:2018:Core:5_CO18SPR:Photography:Web:Final:Lighting:PresidioARoundChandelier48in_LacqueredBurnishedBrass_prod14880046_E610691524_F.tif
prod14880047_E91069184_F,ImageCenter:2018:Core:5_CO18SPR:Photography:Web:Final:Lighting:PresidioARoundChandelier60in_LacqueredBurnishedBrass_prod14880047_E91069184_F.tif
prod14880048_E710689337_CANO_CC,ImageCenter:2018:Core:5_CO18SPR:Photography:Web:Final:Colorways:PresidioA_Linear_Chandelier_54in_IronLacqueredBurnishedBrass_prod14880048_E710689337_CANO_CC.tif
prod14880048_E710689337_DTL_CC,ImageCenter:2018:Core:5_CO18SPR:Photography:Web:Final:Colorways:PresidioA_Linear_Chandelier_54in_IronLacqueredBurnishedBrass_prod14880048_E710689337_DTL_CC.tif
prod14880048_E710689337_F_CC,ImageCenter:2018:Core:5_CO18SPR:Photography:Web:Final:Colorways:PresidioA_Linear_Chandelier_54in_IronLacqueredBurnishedBrass_prod14880048_E710689337_F_CC.tif
prod14880048_E710689337_TQ_CC,ImageCenter:2018:Core:5_CO18SPR:Photography:Web:Final:Colorways:PresidioA_Linear_Chandelier_54in_IronLacqueredBurnishedBrass_prod14880048_E710689337_TQ_CC.tif
prod14880049_E710689788_Cano,ImageCenter:2018:Core:5_CO18SPR:Photography:Web:Final:Lighting:PresidioALinearChandelier69in_LacqueredBurnishedBrass_prod14880049_E710689788_Cano.tif
prod14880049_E710689788_DTL,ImageCenter:2018:Core:5_CO18SPR:Photography:Web:Final:Lighting:PresidioALinearChandelier69in_LacqueredBurnishedBrass_prod14880049_E710689788_DTL.tif
prod14880049_E710689788_F,ImageCenter:2018:Core:5_CO18SPR:Photography:Web:Final:Lighting:PresidioALinearChandelier69in_LacqueredBurnishedBrass_prod14880049_E710689788_F.tif
prod14880049_E710689788_TQ,ImageCenter:2018:Core:5_CO18SPR:Photography:Web:Final:Lighting:PresidioALinearChandelier69in_LacqueredBurnishedBrass_prod14880049_E710689788_TQ.tif
prod14880050_E210690651_Cano,ImageCenter:2018:Core:5_CO18SPR:Photography:Web:Final:Lighting:PresidioAPendant_Small_LacqueredBurnishedBrass_prod14880050_E210690651_Cano.tif
prod14880050_E210690651_F,ImageCenter:2018:Core:5_CO18SPR:Photography:Web:Final:Lighting:PresidioAPendant_Small_LacqueredBurnishedBrass_prod14880050_E210690651_F.tif
prod14880051_E110690374_F,ImageCenter:2018:Core:5_CO18SPR:Photography:Web:Final:Lighting:PresidioAPendant_Medium_LacqueredBurnishedBrass_prod14880051_E110690374_F.tif
prod14880052_E12793431_F_V1,ImageCenter:2019:Core:1_CO19SPR:Photography:Web:Final:Lighting:PresidioAPendant_Large_LacqueredBurnishedBrass_prod14880052_E12793431_F_V1.tif
prod14880052_E81069005_Cano,ImageCenter:2018:Core:5_CO18SPR:Photography:Web:Final:Lighting:PresidioAPendant_Large_LacqueredBurnishedBrass_prod14880052_E81069005_Cano.tif
prod14880052_E81069005_DTL,ImageCenter:2018:Core:5_CO18SPR:Photography:Web:Final:Lighting:PresidioAPendant_Large_LacqueredBurnishedBrass_prod14880052_E81069005_DTL.tif
prod14880052_E81069005_F,ImageCenter:2018:Core:5_CO18SPR:Photography:Web:Final:Lighting:PresidioAPendant_Large_LacqueredBurnishedBrass_prod14880052_E81069005_F.tif
prod14880054_E710690996_DTL,ImageCenter:2018:Core:5_CO18SPR:Photography:Web:Final:Lighting:PresidioAPetiteSconceOutdoor_LacqueredBurnishedBrass_prod14880054_E710690996_DTL.tif
prod14880054_E710690996_F,ImageCenter:2018:Core:5_CO18SPR:Photography:Web:Final:Lighting:PresidioAPetiteSconceOutdoor_LacqueredBurnishedBrass_prod14880054_E710690996_F.tif
prod14880054_E710690996_TQ,ImageCenter:2018:Core:5_CO18SPR:Photography:Web:Final:Lighting:PresidioAPetiteSconceOutdoor_LacqueredBurnishedBrass_prod14880054_E710690996_TQ.tif
prod14880055_E610691299_F_CC,ImageCenter:2018:Core:5_CO18SPR:Photography:Web:Final:Colorways:PresidioA_Round_Chandelier_36in_BrassBronze_prod14880055_E610691299_F_CC.tif
prod14880056_E81069146_Cano,ImageCenter:2018:Core:5_CO18SPR:Photography:Web:Final:Lighting:PresidioARoundChandelier48in_Bronze_prod14880056_E81069146_Cano.tif
prod14880056_E81069146_DTL,ImageCenter:2018:Core:5_CO18SPR:Photography:Web:Final:Lighting:PresidioARoundChandelier48in_Bronze_prod14880056_E81069146_DTL.tif
prod14880056_E81069146_F,ImageCenter:2018:Core:5_CO18SPR:Photography:Web:Final:Lighting:PresidioARoundChandelier48in_Bronze_prod14880056_E81069146_F.tif
prod14880057_E410691772_Cano,ImageCenter:2018:Core:5_CO18SPR:Photography:Web:Final:Lighting:PresidioARoundChandelier60in_Bronze_prod14880057_E410691772_Cano.tif
prod14880057_E410691772_F,ImageCenter:2018:Core:5_CO18SPR:Photography:Web:Final:Lighting:PresidioARoundChandelier60in_Bronze_prod14880057_E410691772_F.tif
prod14880058_E710689337_Cano,ImageCenter:2018:Core:5_CO18SPR:Photography:Web:Final:Lighting:PresidioALinearChandelier54in_Bronze_prod14880058_E710689337_Cano.tif
prod14880058_E710689337_DTL,ImageCenter:2018:Core:5_CO18SPR:Photography:Web:Final:Lighting:PresidioALinearChandelier54in_Bronze_prod14880058_E710689337_DTL.tif
prod14880058_E710689337_F,ImageCenter:2018:Core:5_CO18SPR:Photography:Web:Final:Lighting:PresidioALinearChandelier54in_Bronze_prod14880058_E710689337_F.tif
prod14880058_E710689337_TQ,ImageCenter:2018:Core:5_CO18SPR:Photography:Web:Final:Lighting:PresidioALinearChandelier54in_Bronze_prod14880058_E710689337_TQ.tif
prod14880059_E710689679_Cano,ImageCenter:2018:Core:5_CO18SPR:Photography:Web:Final:Lighting:PresidioALinearChandelier69in_Bronze_prod14880059_E710689679_Cano.tif
prod14880059_E710689679_DTL,ImageCenter:2018:Core:5_CO18SPR:Photography:Web:Final:Lighting:PresidioALinearChandelier69in_Bronze_prod14880059_E710689679_DTL.tif
prod14880059_E710689679_F,ImageCenter:2018:Core:5_CO18SPR:Photography:Web:Final:Lighting:PresidioALinearChandelier69in_Bronze_prod14880059_E710689679_F.tif
prod14880059_E710689679_TQ,ImageCenter:2018:Core:5_CO18SPR:Photography:Web:Final:Lighting:PresidioALinearChandelier69in_Bronze_prod14880059_E710689679_TQ.tif
prod14880060_E610690580_Cano,ImageCenter:2018:Core:5_CO18SPR:Photography:Web:Final:Lighting:PresidioAPendant_Small_Bronze_prod14880060_E610690580_Cano.tif
prod14880060_E610690580_F,ImageCenter:2018:Core:5_CO18SPR:Photography:Web:Final:Lighting:PresidioAPendant_Small_Bronze_prod14880060_E610690580_F.tif
prod14880061_E10690246_F,ImageCenter:2018:Core:5_CO18SPR:Photography:Web:Final:Lighting:PresidioAPendant_Medium_Bronze_prod14880061_E10690246_F.tif
prod14880062_E310689953_Cano,ImageCenter:2018:Core:5_CO18SPR:Photography:Web:Final:Lighting:PresidioAPendant_Large_Bronze_prod14880062_E310689953_Cano.tif
prod14880062_E310689953_DTL,ImageCenter:2018:Core:5_CO18SPR:Photography:Web:Final:Lighting:PresidioAPendant_Large_Bronze_prod14880062_E310689953_DTL.tif
prod14880062_E310689953_F,ImageCenter:2018:Core:5_CO18SPR:Photography:Web:Final:Lighting:PresidioAPendant_Large_Bronze_prod14880062_E310689953_F.tif
prod14880064_E710690996_DTL_CC,ImageCenter:2018:Core:5_CO18SPR:Photography:Web:Final:Colorways:PresidioA_Outdoor_Sconce_Petite_BrassBronze_prod14880064_E710690996_DTL_CC.tif
prod14880064_E710690996_F_CC,ImageCenter:2018:Core:5_CO18SPR:Photography:Web:Final:Colorways:PresidioA_Outdoor_Sconce_Petite_BrassBronze_prod14880064_E710690996_F_CC.tif
prod14880064_E710690996_TQ_CC,ImageCenter:2018:Core:5_CO18SPR:Photography:Web:Final:Colorways:PresidioA_Outdoor_Sconce_Petite_BrassBronze_prod14880064_E710690996_TQ_CC.tif
prod14880065_E510691386_Cano,ImageCenter:2018:Core:5_CO18SPR:Photography:Web:Final:Lighting:PresidioARoundChandelier36in_PolishedNickel_prod14880065_E510691386_Cano.tif
prod14880065_E510691386_DTL,ImageCenter:2018:Core:5_CO18SPR:Photography:Web:Final:Lighting:PresidioARoundChandelier36in_PolishedNickel_prod14880065_E510691386_DTL.tif
prod14880065_E510691386_F,ImageCenter:2018:Core:5_CO18SPR:Photography:Web:Final:Lighting:PresidioARoundChandelier36in_PolishedNickel_prod14880065_E510691386_F.tif
prod14880066_E510691622_Cano,ImageCenter:2018:Core:5_CO18SPR:Photography:Web:Final:Lighting:PresidioARoundChandelier48in_PolishedNickel_prod14880066_E510691622_Cano.tif
prod14880066_E510691622_DTL,ImageCenter:2018:Core:5_CO18SPR:Photography:Web:Final:Lighting:PresidioARoundChandelier48in_PolishedNickel_prod14880066_E510691622_DTL.tif
prod14880066_E510691622_F,ImageCenter:2018:Core:5_CO18SPR:Photography:Web:Final:Lighting:PresidioARoundChandelier48in_PolishedNickel_prod14880066_E510691622_F.tif
prod14880067_E810691991_Cano,ImageCenter:2018:Core:5_CO18SPR:Photography:Web:Final:Lighting:PresidioARoundChandelier60in_PolishedNickel_prod14880067_E810691991_Cano.tif
prod14880067_E810691991_F,ImageCenter:2018:Core:5_CO18SPR:Photography:Web:Final:Lighting:PresidioARoundChandelier60in_PolishedNickel_prod14880067_E810691991_F.tif
prod14880068_E91068951_Cano,ImageCenter:2018:Core:5_CO18SPR:Photography:Web:Final:Lighting:PresidioALinearChandelier54in_PolishedNickel_prod14880068_E91068951_Cano.tif
prod14880068_E91068951_DTL,ImageCenter:2018:Core:5_CO18SPR:Photography:Web:Final:Lighting:PresidioALinearChandelier54in_PolishedNickel_prod14880068_E91068951_DTL.tif
prod14880068_E91068951_F,ImageCenter:2018:Core:5_CO18SPR:Photography:Web:Final:Lighting:PresidioALinearChandelier54in_PolishedNickel_prod14880068_E91068951_F.tif
prod14880069_E10689895_Cano,ImageCenter:2018:Core:5_CO18SPR:Photography:Web:Final:Lighting:PresidioALinearChandelier69in_PolishedNickel_prod14880069_E10689895_Cano.tif
prod14880069_E10689895_DTL,ImageCenter:2018:Core:5_CO18SPR:Photography:Web:Final:Lighting:PresidioALinearChandelier69in_PolishedNickel_prod14880069_E10689895_DTL.tif
prod14880069_E10689895_F,ImageCenter:2018:Core:5_CO18SPR:Photography:Web:Final:Lighting:PresidioALinearChandelier69in_PolishedNickel_prod14880069_E10689895_F.tif
prod14880069_E10689895_TQ,ImageCenter:2018:Core:5_CO18SPR:Photography:Web:Final:Lighting:PresidioALinearChandelier69in_PolishedNickel_prod14880069_E10689895_TQ.tif
prod14880070_E10690729_Cano,ImageCenter:2018:Core:5_CO18SPR:Photography:Web:Final:Lighting:PresidioAPendant_Small_PolishedNickel_prod14880070_E10690729_Cano.tif
prod14880070_E10690729_F,ImageCenter:2018:Core:5_CO18SPR:Photography:Web:Final:Lighting:PresidioAPendant_Small_PolishedNickel_prod14880070_E10690729_F.tif
prod14880071_E10690471_F,ImageCenter:2018:Core:5_CO18SPR:Photography:Web:Final:Lighting:PresidioAPendant_Medium_PolishedNickel_prod14880071_E10690471_F.tif
prod14880072_E610690199_Cano,ImageCenter:2018:Core:5_CO18SPR:Photography:Web:Final:Lighting:PresidioAPendant_Large_PolishedNickel_prod14880072_E610690199_Cano.tif
prod14880072_E610690199_DTL,ImageCenter:2018:Core:5_CO18SPR:Photography:Web:Final:Lighting:PresidioAPendant_Large_PolishedNickel_prod14880072_E610690199_DTL.tif
prod14880072_E610690199_F,ImageCenter:2018:Core:5_CO18SPR:Photography:Web:Final:Lighting:PresidioAPendant_Large_PolishedNickel_prod14880072_E610690199_F.tif
prod14880074_E71069105_DTL,ImageCenter:2018:Core:5_CO18SPR:Photography:Web:Final:Lighting:PresidioAPetiteSconceOutdoor_PolishedNickel_prod14880074_E71069105_DTL.tif
prod14880074_E71069105_F,ImageCenter:2018:Core:5_CO18SPR:Photography:Web:Final:Lighting:PresidioAPetiteSconceOutdoor_PolishedNickel_prod14880074_E71069105_F.tif
prod14880074_E71069105_TQ,ImageCenter:2018:Core:5_CO18SPR:Photography:Web:Final:Lighting:PresidioAPetiteSconceOutdoor_PolishedNickel_prod14880074_E71069105_TQ.tif
prod14880240_E310672447_Cano,ImageCenter:2018:Core:5_CO18SPR:Photography:Web:Final:Lighting:BouleDeCristalOvalChandelier_LacqueredBurnishedBrass_prod14880240_E310672447_Cano.tif
prod14880240_E310672447_DTL,ImageCenter:2018:Core:5_CO18SPR:Photography:Web:Final:Lighting:BouleDeCristalOvalChandelier_LacqueredBurnishedBrass_prod14880240_E310672447_DTL.tif
prod14880240_E310672447_F,ImageCenter:2018:Core:5_CO18SPR:Photography:Web:Final:Lighting:BouleDeCristalOvalChandelier_LacqueredBurnishedBrass_prod14880240_E310672447_F.tif
prod14880240_E711625724_F,ImageCenter:2018:Core:4_CO18FAL:Photography:Web:Final:Lighting:BouleDeCristalOvalChandelier_LacqueredBurnishedBrass_prod14880240_E711625724_F.tif
prod14880242_E510671331_Cano,ImageCenter:2018:Core:5_CO18SPR:Photography:Web:Final:Lighting:BouleDeCristalNewLinearChandelier_LacqueredBurnishedBrass_prod14880242_E510671331_Cano.tif
prod14880242_E510671331_DTL,ImageCenter:2018:Core:5_CO18SPR:Photography:Web:Final:Lighting:BouleDeCristalNewLinearChandelier_LacqueredBurnishedBrass_prod14880242_E510671331_DTL.tif
prod14880242_E510671331_F,ImageCenter:2018:Core:5_CO18SPR:Photography:Web:Final:Lighting:BouleDeCristalNewLinearChandelier_LacqueredBurnishedBrass_prod14880242_E510671331_F.tif
prod14880242_E510671331_TQ,ImageCenter:2018:Core:5_CO18SPR:Photography:Web:Final:Lighting:BouleDeCristalNewLinearChandelier_LacqueredBurnishedBrass_prod14880242_E510671331_TQ.tif
prod14880242_UK_E2322092241_F,
prod14880243_E610672116_F,ImageCenter:2018:Core:4_CO18FAL:Photography:Web:Final:Lighting:BouleDeCristalFlushmount_LacqueredBurnishedBrass_prod14880243_E610672116_F.tif
prod14880246_E41067201_F,ImageCenter:2018:Core:5_CO18SPR:Photography:Web:Final:Lighting:BouleDeCristalDoubleGrandSconce_LacqueredBurnishedBrass_prod14880246_E41067201_F.tif
prod14880246_E41067201_TQ,ImageCenter:2018:Core:5_CO18SPR:Photography:Web:Final:Lighting:BouleDeCristalDoubleGrandSconce_LacqueredBurnishedBrass_prod14880246_E41067201_TQ.tif
prod14880254_E411625665_F,ImageCenter:2018:Core:4_CO18FAL:Photography:Web:Final:Lighting:BouleDeCristalOvalChandelier_PolishedNickel_prod14880254_E411625665_F.tif
prod14880254_E510672220_Cano,ImageCenter:2018:Core:5_CO18SPR:Photography:Web:Final:Lighting:BouleDeCristalOvalChandelier_PolishedNickel_prod14880254_E510672220_Cano.tif
prod14880254_E510672220_DTL,ImageCenter:2018:Core:5_CO18SPR:Photography:Web:Final:Lighting:BouleDeCristalOvalChandelier_PolishedNickel_prod14880254_E510672220_DTL.tif
prod14880254_E510672220_F,ImageCenter:2018:Core:5_CO18SPR:Photography:Web:Final:Lighting:BouleDeCristalOvalChandelier_PolishedNickel_prod14880254_E510672220_F.tif
prod14880256_E31067079_Cano,ImageCenter:2018:Core:6_CO18MOF:Photography:Web:Final:Lighting:BouleDeCristalNewLinearChandelier_PolishedNickel_prod14880256_E31067079_Cano.tif
prod14880256_E31067079_F_RS,ImageCenter:2018:Core:6_CO18MOF:Photography:Web:Final:Lighting:BouleDeCristalNewLinearChandelier_PolishedNickel_prod14880256_E31067079_F_RS.tif
prod14880256_E31067079_TQ_RS,
prod14880257_E910671821_F,ImageCenter:2018:Core:4_CO18FAL:Photography:Web:Final:Lighting:BouleDeCristalFlushmount_PolishedNickel_prod14880257_E910671821_F.tif
prod14880260_E710671475_F,ImageCenter:2018:Core:5_CO18SPR:Photography:Web:Final:Lighting:BouleDeCristalDoubleGrandSconce_PolishedNickel_prod14880260_E710671475_F.tif
prod14880260_E710671475_TQ,ImageCenter:2018:Core:5_CO18SPR:Photography:Web:Final:Lighting:BouleDeCristalDoubleGrandSconce_PolishedNickel_prod14880260_E710671475_TQ.tif
prod14880261_E310671971_Cano,ImageCenter:2018:Core:5_CO18SPR:Photography:Web:Final:Lighting:BouleDeCristalOvalChandelier_Bronze_prod14880261_E310671971_Cano.tif
prod14880261_E310671971_DTL,ImageCenter:2018:Core:5_CO18SPR:Photography:Web:Final:Lighting:BouleDeCristalOvalChandelier_Bronze_prod14880261_E310671971_DTL.tif
prod14880261_E310671971_F,ImageCenter:2018:Core:5_CO18SPR:Photography:Web:Final:Lighting:BouleDeCristalOvalChandelier_Bronze_prod14880261_E310671971_F.tif
prod14880261_E511625512_F,ImageCenter:2018:Core:4_CO18FAL:Photography:Web:Final:Lighting:BouleDeCristalOvalChandelier_Bronze_prod14880261_E511625512_F.tif
prod14880263_E510671331_Cano_CC,ImageCenter:2018:Core:6_CO18MOF:Photography:Web:Final:Colorways:BouleDeCristal_Linear_Chandelier_BrassBronze_prod14880263_E510671331_Cano_CC.tif
prod14880263_E510671331_DTL_CC,ImageCenter:2018:Core:6_CO18MOF:Photography:Web:Final:Colorways:BouleDeCristal_Linear_Chandelier_BrassBronze_prod14880263_E510671331_DTL_CC.tif
prod14880263_E510671331_F_CC,ImageCenter:2018:Core:6_CO18MOF:Photography:Web:Final:Colorways:BouleDeCristal_Linear_Chandelier_BrassBronze_prod14880263_E510671331_F_CC.tif
prod14880263_E510671331_TQ_CC,ImageCenter:2018:Core:6_CO18MOF:Photography:Web:Final:Colorways:BouleDeCristal_Linear_Chandelier_BrassBronze_prod14880263_E510671331_TQ_CC.tif
prod14880264_E610671594_DTL,ImageCenter:2018:Core:4_CO18FAL:Photography:Web:Final:Lighting:BouleDeCristalFlushmount_Bronze_prod14880264_E610671594_DTL.tif
prod14880264_E610671594_F,ImageCenter:2018:Core:4_CO18FAL:Photography:Web:Final:Lighting:BouleDeCristalFlushmount_Bronze_prod14880264_E610671594_F.tif
prod14880267_E210671272_F,ImageCenter:2018:Core:5_CO18SPR:Photography:Web:Final:Lighting:BouleDeCristalDoubleGrandSconce_Bronze_prod14880267_E210671272_F.tif
prod14880267_E210671272_TQ,ImageCenter:2018:Core:5_CO18SPR:Photography:Web:Final:Lighting:BouleDeCristalDoubleGrandSconce_Bronze_prod14880267_E210671272_TQ.tif
prod17430464_E811895396_F,ImageCenter:2019:Core:1_CO19SPR:Photography:Web:Final:Lighting:RavelleDoubleSconce_PolishedNickel_prod17430464_E811895396_F.tif
prod17430464_E811895396_TQ,ImageCenter:2019:Core:1_CO19SPR:Photography:Web:Final:Lighting:RavelleDoubleSconce_PolishedNickel_prod17430464_E811895396_TQ.tif
prod17430465_E111895268_F_CC,ImageCenter:2019:Core:1_CO19SPR:Photography:Web:Final:Colorways:Ravelle_Sconce_Double_Bronze_prod17430465_E111895268_F_CC.tif
prod17430465_E111895268_TQ_CC,ImageCenter:2019:Core:1_CO19SPR:Photography:Web:Final:Colorways:Ravelle_Sconce_Double_Bronze_prod17430465_E111895268_TQ_CC.tif
prod17430466_E111895268_F,ImageCenter:2019:Core:1_CO19SPR:Photography:Web:Final:Lighting:RavelleDoubleSconce_LacqueredBurnishedBrass_prod17430466_E111895268_F.tif
prod17430466_E111895268_TQ,ImageCenter:2019:Core:1_CO19SPR:Photography:Web:Final:Lighting:RavelleDoubleSconce_LacqueredBurnishedBrass_prod17430466_E111895268_TQ.tif
prod17430467_E511895610_F,ImageCenter:2019:Core:1_CO19SPR:Photography:Web:Final:Lighting:RavelleOutdoorSconce_PolishedChrome_prod17430467_E511895610_F.tif
prod17430467_E511895610_TQ,ImageCenter:2019:Core:1_CO19SPR:Photography:Web:Final:Lighting:RavelleOutdoorSconce_PolishedChrome_prod17430467_E511895610_TQ.tif
prod17430468_E211895596_F_CC,ImageCenter:2019:Core:1_CO19SPR:Photography:Web:Final:Colorways:Ravelle_Sconce_Outdoor_Bronze_prod17430468_E211895596_F_CC.tif
prod17430468_E211895596_TQ_CC,ImageCenter:2019:Core:1_CO19SPR:Photography:Web:Final:Colorways:Ravelle_Sconce_Outdoor_Bronze_prod17430468_E211895596_TQ_CC.tif
prod17430469_E211895596_F,ImageCenter:2019:Core:1_CO19SPR:Photography:Web:Final:Lighting:RavelleOutdoorSconce_LacqueredBurnishedBrass_prod17430469_E211895596_F.tif
prod17430469_E211895596_TQ,ImageCenter:2019:Core:1_CO19SPR:Photography:Web:Final:Lighting:RavelleOutdoorSconce_LacqueredBurnishedBrass_prod17430469_E211895596_TQ.tif
prod18950265_E71328524_F,ImageCenter:2020:Core:6_CO20MOF:Photography:Web:Final:Lighting:BouleDeCristalRoundSmokeGlassChandelier24In_LacqueredBurnishedBrass_prod18950265_E71328524_F.tif
prod18950265_E71328524_TQ,ImageCenter:2020:Core:6_CO20MOF:Photography:Web:Final:Lighting:BouleDeCristalRoundSmokeGlassChandelier24In_LacqueredBurnishedBrass_prod18950265_E71328524_TQ.tif
prod18950266_E815578253_F,ImageCenter:2020:Core:6_CO20MOF:Photography:Web:Final:Lighting:BouleDeCristalRoundSmokeGlassChandelier24In_Bronze_prod18950266_E815578253_F.tif
prod18950266_E815578253_TQ,ImageCenter:2020:Core:6_CO20MOF:Photography:Web:Final:Lighting:BouleDeCristalRoundSmokeGlassChandelier24In_Bronze_prod18950266_E815578253_TQ.tif
prod18950267_E313285484_F,ImageCenter:2020:Core:6_CO20MOF:Photography:Web:Final:Lighting:BouleDeCristalRoundSmokeGlassChandelier24In_PolishedNickel_prod18950267_E313285484_F.tif
prod18950267_E313285484_TQ,ImageCenter:2020:Core:6_CO20MOF:Photography:Web:Final:Lighting:BouleDeCristalRoundSmokeGlassChandelier24In_PolishedNickel_prod18950267_E313285484_TQ.tif
prod18950268_E413285694_F,ImageCenter:2019:Core:8_CO19MOF:Photography:Web:Final:Lighting:BouleDeCristalRoundChandelier36In_LacqueredBurnishedBrass_prod18950268_E413285694_F.tif
prod18950268_E413285694_TQ,ImageCenter:2019:Core:8_CO19MOF:Photography:Web:Final:Lighting:BouleDeCristalRoundChandelier36In_LacqueredBurnishedBrass_prod18950268_E413285694_TQ.tif
prod18950269_E413285694_F_CC,ImageCenter:2020:Core:2_CO20MOS:Photography:Web:Final:Colorways:BouleDeCristal_Chandelier_Round_36in_Bronze_prod18950269_E413285694_F_CC.tif
prod18950269_E413285694_TQ_CC,ImageCenter:2020:Core:2_CO20MOS:Photography:Web:Final:Colorways:BouleDeCristal_Chandelier_Round_36in_Bronze_prod18950269_E413285694_TQ_CC.tif
prod18950270_E713285868_F,ImageCenter:2019:Core:8_CO19MOF:Photography:Web:Final:Lighting:BouleDeCristalRoundChandelier36In_PolishedNickel_prod18950270_E713285868_F.tif
prod18950270_E713285868_TQ,ImageCenter:2019:Core:8_CO19MOF:Photography:Web:Final:Lighting:BouleDeCristalRoundChandelier36In_PolishedNickel_prod18950270_E713285868_TQ.tif
prod18950664_E31328577_F,ImageCenter:2020:Core:2_CO20MOS:Photography:Web:Final:Lighting:BouleDeCristalRoundChandelier36In_LacqueredBurnishedBrassSmokedGlass_prod18950664_E31328577_F.tif
prod18950664_E31328577_TQ,ImageCenter:2020:Core:2_CO20MOS:Photography:Web:Final:Lighting:BouleDeCristalRoundChandelier36In_LacqueredBurnishedBrassSmokedGlass_prod18950664_E31328577_TQ.tif
prod18950665_E31328577_F_CC,ImageCenter:2020:Core:6_CO20MOF:Photography:Web:Final:Colorways:BouleDeCristal_Chandelier_Round_36in_Bronze_SmokeGlass_prod18950665_E31328577_F_CC.tif
prod18950665_E31328577_TQ_CC,ImageCenter:2020:Core:6_CO20MOF:Photography:Web:Final:Colorways:BouleDeCristal_Chandelier_Round_36in_Bronze_SmokeGlass_prod18950665_E31328577_TQ_CC.tif
prod18950666_E13285910_F,ImageCenter:2020:Core:6_CO20MOF:Photography:Web:Final:Lighting:BouleDeCristalRoundChandelier36In_PolishedNickelSmokedGlass_prod18950666_E13285910_F.tif
prod18950666_E13285910_TQ,ImageCenter:2020:Core:6_CO20MOF:Photography:Web:Final:Lighting:BouleDeCristalRoundChandelier36In_PolishedNickelSmokedGlass_prod18950666_E13285910_TQ.tif
prod18950667_E313285362_Cano,ImageCenter:2019:Core:8_CO19MOF:Photography:Web:Final:Lighting:BouleDeCristalRoundChandelier24In_LacqueredBurnishedBrass_prod18950667_E313285362_Cano.tif
prod18950667_E313285362_F,ImageCenter:2019:Core:8_CO19MOF:Photography:Web:Final:Lighting:BouleDeCristalRoundChandelier24In_LacqueredBurnishedBrass_prod18950667_E313285362_F.tif
prod18950667_E313285362_TQ,ImageCenter:2019:Core:8_CO19MOF:Photography:Web:Final:Lighting:BouleDeCristalRoundChandelier24In_LacqueredBurnishedBrass_prod18950667_E313285362_TQ.tif
prod18950667_UK_E23920923612_F,
prod18950668_E313285362_Cano_CC,ImageCenter:2020:Core:2_CO20MOS:Photography:Web:Final:Colorways:BouleDeCristal_Chandelier_Round_24in_Bronze_prod18950668_E313285362_Cano_CC.tif
prod18950668_E313285362_F_CC,ImageCenter:2020:Core:2_CO20MOS:Photography:Web:Final:Colorways:BouleDeCristal_Chandelier_Round_24in_Bronze_prod18950668_E313285362_F_CC.tif
prod18950668_E313285362_TQ_CC,ImageCenter:2020:Core:2_CO20MOS:Photography:Web:Final:Colorways:BouleDeCristal_Chandelier_Round_24in_Bronze_prod18950668_E313285362_TQ_CC.tif
prod18950669_E41328558_Cano,ImageCenter:2019:Core:8_CO19MOF:Photography:Web:Final:Lighting:BouleDeCristalRoundChandelier24In_PolishedNickel_prod18950669_E41328558_Cano.tif
prod18950669_E41328558_F,ImageCenter:2019:Core:8_CO19MOF:Photography:Web:Final:Lighting:BouleDeCristalRoundChandelier24In_PolishedNickel_prod18950669_E41328558_F.tif
prod18950669_E41328558_TQ,ImageCenter:2019:Core:8_CO19MOF:Photography:Web:Final:Lighting:BouleDeCristalRoundChandelier24In_PolishedNickel_prod18950669_E41328558_TQ.tif
prod19480042_E113974499_DTL,ImageCenter:2019:Core:11_CO19SHF:Photography:Web:Final:Lighting:BouleDeCristalRoundChandelier48_LacqueredBurnishedBrass_SMOKEGLASS_prod19480042_E113974499_DTL.tif
prod19480042_E113974499_F,ImageCenter:2019:Core:11_CO19SHF:Photography:Web:Final:Lighting:BouleDeCristalRoundChandelier48_LacqueredBurnishedBrass_SMOKEGLASS_prod19480042_E113974499_F.tif
prod19480042_E113974499_TQ,ImageCenter:2019:Core:11_CO19SHF:Photography:Web:Final:Lighting:BouleDeCristalRoundChandelier48_LacqueredBurnishedBrass_SMOKEGLASS_prod19480042_E113974499_TQ.tif
prod19480043_E613974374_F,ImageCenter:2019:Core:11_CO19SHF:Photography:Web:Final:Lighting:BouleDeCristalOvalChandelier_LacqueredBurnishedBrass_SMOKEGLASS_prod19480043_E613974374_F.tif
prod19480043_E613974374_F_V1,ImageCenter:2019:Core:11_CO19SHF:Photography:Web:Final:Lighting:BouleDeCristalOvalChandelier_LacqueredBurnishedBrass_SMOKEGLASS_prod19480043_E613974374_F_V1.tif
prod19520365_E213993193_F,ImageCenter:2019:Core:8_CO19MOF:Photography:Web:Final:Lighting:BouleDeCristal6RoundFlushmount_Bronze_SmokeGlass_prod19520365_E213993193_F.tif
prod19520366_E41399300_F,ImageCenter:2019:Core:8_CO19MOF:Photography:Web:Final:Lighting:BouleDeCristal6RoundFlushmount_LacqueredBurnishedBrass_SmokeGlass_prod19520366_E41399300_F.tif
prod19520367_E913992997_F,ImageCenter:2019:Core:8_CO19MOF:Photography:Web:Final:Lighting:BouleDeCristal6RoundFlushmount_PolishedNickel_SmokeGlass_prod19520367_E913992997_F.tif
prod19520368_E13992883_F,ImageCenter:2019:Core:8_CO19MOF:Photography:Web:Final:Lighting:BouleDeCristal6RoundSconce_Bronze_SmokeGlass_prod19520368_E13992883_F.tif
prod19520368_E13992883_TQ,ImageCenter:2019:Core:8_CO19MOF:Photography:Web:Final:Lighting:BouleDeCristal6RoundSconce_Bronze_SmokeGlass_prod19520368_E13992883_TQ.tif
prod19520369_E713992745_F,ImageCenter:2019:Core:8_CO19MOF:Photography:Web:Final:Lighting:BouleDeCristal6RoundSconce_LacqueredBurnishedBrass_SmokeGlass_prod19520369_E713992745_F.tif
prod19520369_E713992745_TQ,ImageCenter:2019:Core:8_CO19MOF:Photography:Web:Final:Lighting:BouleDeCristal6RoundSconce_LacqueredBurnishedBrass_SmokeGlass_prod19520369_E713992745_TQ.tif
prod19520370_E13992660_F,ImageCenter:2019:Core:8_CO19MOF:Photography:Web:Final:Lighting:BouleDeCristal6RoundSconce_PolishedNickel_SmokeGlass_prod19520370_E13992660_F.tif
prod19520370_E13992660_TQ,ImageCenter:2019:Core:8_CO19MOF:Photography:Web:Final:Lighting:BouleDeCristal6RoundSconce_PolishedNickel_SmokeGlass_prod19520370_E13992660_TQ.tif
prod19520371_E113992421_DTL_CC,ImageCenter:2019:Core:11_CO19SHF:Photography:Web:Final:Colorways:BouleDeCristal_Chandelier_Linear_Double_60inW_Bronze_GlassSmoke_prod19520371_E113992421_DTL_CC.tif
prod19520371_E113992421_F_CC,ImageCenter:2019:Core:8_CO19MOF:Photography:Web:Final:Colorways:BouleDeCristal_Chandelier_Linear_Double_60inW_Bronze_GlassSmoke_prod19520371_E113992421_F_CC.tif
prod19520371_E113992421_TQ_CC,ImageCenter:2019:Core:11_CO19SHF:Photography:Web:Final:Colorways:BouleDeCristal_Chandelier_Linear_Double_60inW_Bronze_GlassSmoke_prod19520371_E113992421_TQ_CC.tif
prod19520372_E113992421_DTL,ImageCenter:2019:Core:8_CO19MOF:Photography:Web:Final:Lighting:BouleDeCristal60DoubleLinearChandelier_LacqueredBurnishedBrass_SmokeGlass_prod19520372_E113992421_DTL.tif
prod19520372_E113992421_F,ImageCenter:2019:Core:8_CO19MOF:Photography:Web:Final:Lighting:BouleDeCristal60DoubleLinearChandelier_LacqueredBurnishedBrass_SmokeGlass_prod19520372_E113992421_F.tif
prod19520372_E113992421_TQ,ImageCenter:2019:Core:8_CO19MOF:Photography:Web:Final:Lighting:BouleDeCristal60DoubleLinearChandelier_LacqueredBurnishedBrass_SmokeGlass_prod19520372_E113992421_TQ.tif
prod19520373_E913992331_F_RS,ImageCenter:2019:Core:8_CO19MOF:Photography:Web:Final:Lighting:BouleDeCristal60DoubleLinearChandelier_PolishedNickel_SmokeGlass_prod19520373_E913992331_F_RS.tif
prod19520373_E913992331_TQ_RS,ImageCenter:2019:Core:8_CO19MOF:Photography:Web:Final:Lighting:BouleDeCristal60DoubleLinearChandelier_PolishedNickel_SmokeGlass_prod19520373_E913992331_TQ_RS.tif
prod19520373_UK_E913992331_F_Frank,
prod19520383_E913991395_Fh,ImageCenter:2019:Core:8_CO19MOF:Photography:Web:Final:Lighting:BouleDeCristalDoubleGrandSconce_Bronze_SmokeGlass_prod19520383_E913991395_Fh.tif
prod19520383_E913991395_TQ,ImageCenter:2019:Core:8_CO19MOF:Photography:Web:Final:Lighting:BouleDeCristalDoubleGrandSconce_Bronze_SmokeGlass_prod19520383_E913991395_TQ.tif
prod19520384_E13991274_TQ,ImageCenter:2019:Core:8_CO19MOF:Photography:Web:Final:Lighting:BouleDeCristalDoubleGrandSconce_LacqueredBurnishedBrass_SmokeGlass_prod19520384_E13991274_TQ.tif
prod19520385_E413991170_F,ImageCenter:2019:Core:8_CO19MOF:Photography:Web:Final:Lighting:BouleDeCristalDoubleGrandSconce_PolishedNickel_SmokeGlass_prod19520385_E413991170_F.tif
prod19520385_E413991170_TQ,ImageCenter:2019:Core:8_CO19MOF:Photography:Web:Final:Lighting:BouleDeCristalDoubleGrandSconce_PolishedNickel_SmokeGlass_prod19520385_E413991170_TQ.tif
prod19520386_E913990946_F_CC,ImageCenter:2020:Core:1_CO20SPR:Photography:Web:Final:Colorways:BouleDeCristal_Flushmount_24in_Bronze_SmokeGlass_prod19520386_E913990946_F_CC.tif
prod19520387_E913990946_F,ImageCenter:2020:Core:2_CO20MOS:Photography:Web:Final:Lighting:BouleDeCristalFlushmount24_LacqueredBurnishedBrass_SmokeGlass_prod19520387_E913990946_F.tif
prod19520388_E213990834_F,ImageCenter:2020:Core:2_CO20MOS:Photography:Web:Final:Lighting:BouleDeCristalFlushmount24_PolishedNickel_SmokeGlass_prod19520388_E213990834_F.tif
prod19520389_E13990721_F,ImageCenter:2019:Core:8_CO19MOF:Photography:Web:Final:Lighting:BouleDeCristalLinearChandelier53_Bronze_SmokeGlass_prod19520389_E13990721_F.tif
prod19520389_E13990721_TQ,ImageCenter:2019:Core:8_CO19MOF:Photography:Web:Final:Lighting:BouleDeCristalLinearChandelier53_Bronze_SmokeGlass_prod19520389_E13990721_TQ.tif
prod19520390_E413990619_F,ImageCenter:2019:Core:8_CO19MOF:Photography:Web:Final:Lighting:BouleDeCristalLinearChandelier53_LacqueredBurnishedBrass_SmokeGlass_prod19520390_E413990619_F.tif
prod19520390_E413990619_TQ,ImageCenter:2019:Core:8_CO19MOF:Photography:Web:Final:Lighting:BouleDeCristalLinearChandelier53_LacqueredBurnishedBrass_SmokeGlass_prod19520390_E413990619_TQ.tif
prod19520391_E13990519_F,ImageCenter:2019:Core:8_CO19MOF:Photography:Web:Final:Lighting:BouleDeCristalLinearChandelier53_PolishedNickel_SmokeGlass_prod19520391_E13990519_F.tif
prod19520391_E13990519_TQ,ImageCenter:2019:Core:8_CO19MOF:Photography:Web:Final:Lighting:BouleDeCristalLinearChandelier53_PolishedNickel_SmokeGlass_prod19520391_E13990519_TQ.tif
prod19520392_E613990468_F,ImageCenter:2019:Core:8_CO19MOF:Photography:Web:Final:Lighting:BouleDeCristalLinearChandelier66_Bronze_SmokeGlass_prod19520392_E613990468_F.tif
prod19520392_E613990468_TQ,ImageCenter:2019:Core:8_CO19MOF:Photography:Web:Final:Lighting:BouleDeCristalLinearChandelier66_Bronze_SmokeGlass_prod19520392_E613990468_TQ.tif
prod19520393_E413990239_F,ImageCenter:2019:Core:8_CO19MOF:Photography:Web:Final:Lighting:BouleDeCristalLinearChandelier66_PolishedNickel_SmokeGlass_prod19520393_E413990239_F.tif
prod19520393_E413990239_TQ,ImageCenter:2019:Core:8_CO19MOF:Photography:Web:Final:Lighting:BouleDeCristalLinearChandelier66_PolishedNickel_SmokeGlass_prod19520393_E413990239_TQ.tif
prod19520394_E413990323_F,ImageCenter:2019:Core:8_CO19MOF:Photography:Web:Final:Lighting:BouleDeCristalLinearChandelier66_LacqueredBurnishedBrass_SmokeGlass_prod19520394_E413990323_F.tif
prod19520394_E413990323_TQ,ImageCenter:2019:Core:8_CO19MOF:Photography:Web:Final:Lighting:BouleDeCristalLinearChandelier66_LacqueredBurnishedBrass_SmokeGlass_prod19520394_E413990323_TQ.tif
prod19520395_E813990171_F,ImageCenter:2019:Core:8_CO19MOF:Photography:Web:Final:Lighting:BouleDeCristalLongSconce_Bronze_SmokeGlass_prod19520395_E813990171_F.tif
prod19520395_E813990171_TQ,ImageCenter:2019:Core:8_CO19MOF:Photography:Web:Final:Lighting:BouleDeCristalLongSconce_Bronze_SmokeGlass_prod19520395_E813990171_TQ.tif
prod19520396_E913990038_TQ,ImageCenter:2019:Core:8_CO19MOF:Photography:Web:Final:Lighting:BouleDeCristalLongSconce_LacqueredBurnishedBrass_SmokeGlass_prod19520396_E913990038_TQ.tif
prod19520397_E413989910_F,ImageCenter:2019:Core:8_CO19MOF:Photography:Web:Final:Lighting:BouleDeCristalLongSconce_PolishedNickel_SmokeGlass_prod19520397_E413989910_F.tif
prod19520397_E413989910_TQ,ImageCenter:2019:Core:8_CO19MOF:Photography:Web:Final:Lighting:BouleDeCristalLongSconce_PolishedNickel_SmokeGlass_prod19520397_E413989910_TQ.tif
prod19520398_E413989897_F,ImageCenter:2019:Core:8_CO19MOF:Photography:Web:Final:Lighting:BouleDeCristalOval72InChandelier_Bronze_SmokeGlass_prod19520398_E413989897_F.tif
prod19520398_E413989897_F_V1,ImageCenter:2019:Core:8_CO19MOF:Photography:Web:Final:Lighting:BouleDeCristalOval72InChandelier_Bronze_SmokeGlass_prod19520398_E413989897_F_V1.tif
prod19520399_E113989743_F,ImageCenter:2019:Core:8_CO19MOF:Photography:Web:Final:Lighting:BouleDeCristalOval72InChandelier_PolishedNickel_SmokeGlass_prod19520399_E113989743_F.tif
prod19520399_E113989743_F_V1,ImageCenter:2019:Core:8_CO19MOF:Photography:Web:Final:Lighting:BouleDeCristalOval72InChandelier_PolishedNickel_SmokeGlass_prod19520399_E113989743_F_V1.tif
prod19520400_E113974499_DTL_CC,ImageCenter:2019:Core:8_CO19MOF:Photography:Web:Final:Colorways:BouleDeCristal_Chandelier_Round_48inW_Bronze_SmokeGlass_prod19520400_E113974499_DTL_CC.tif
prod19520400_E113974499_F_CC,ImageCenter:2019:Core:8_CO19MOF:Photography:Web:Final:Colorways:BouleDeCristal_Chandelier_Round_48inW_Bronze_SmokeGlass_prod19520400_E113974499_F_CC.tif
prod19520400_E113974499_TQ_CC,ImageCenter:2019:Core:8_CO19MOF:Photography:Web:Final:Colorways:BouleDeCristal_Chandelier_Round_48inW_Bronze_SmokeGlass_prod19520400_E113974499_TQ_CC.tif
prod19520401_E513989513_F,ImageCenter:2019:Core:8_CO19MOF:Photography:Web:Final:Lighting:BouleDeCristalRoundChandelier48_PolishedNickel_SmokeGlass_prod19520401_E513989513_F.tif
prod19520401_E513989513_TQ,ImageCenter:2019:Core:8_CO19MOF:Photography:Web:Final:Lighting:BouleDeCristalRoundChandelier48_PolishedNickel_SmokeGlass_prod19520401_E513989513_TQ.tif
prod19520402_E13989317_F_CC,ImageCenter:2019:Core:8_CO19MOF:Photography:Web:Final:Colorways:BouleDeCristal_Chandelier_Round_60inW_Bronze_GlassSmoke_prod19520402_E13989317_F_CC.tif
prod19520402_E13989317_TQ_CC,ImageCenter:2019:Core:8_CO19MOF:Photography:Web:Final:Colorways:BouleDeCristal_Chandelier_Round_60inW_Bronze_GlassSmoke_prod19520402_E13989317_TQ_CC.tif
prod19520403_E13989317_F,ImageCenter:2019:Core:8_CO19MOF:Photography:Web:Final:Lighting:BouleDeCristalRoundChandelier60_LacqueredBurnishedBrass_SmokeGlass_prod19520403_E13989317_F.tif
prod19520403_E13989317_TQ,ImageCenter:2019:Core:8_CO19MOF:Photography:Web:Final:Lighting:BouleDeCristalRoundChandelier60_LacqueredBurnishedBrass_SmokeGlass_prod19520403_E13989317_TQ.tif
prod19520404_E1398925_F,ImageCenter:2019:Core:8_CO19MOF:Photography:Web:Final:Lighting:BouleDeCristalRoundChandelier60_PolishedNickel_SmokeGlass_prod19520404_E1398925_F.tif
prod19520404_E1398925_TQ,ImageCenter:2019:Core:8_CO19MOF:Photography:Web:Final:Lighting:BouleDeCristalRoundChandelier60_PolishedNickel_SmokeGlass_prod19520404_E1398925_TQ.tif
prod19520405_E713989110_F,ImageCenter:2019:Core:8_CO19MOF:Photography:Web:Final:Lighting:BouleDeCristalRoundChandelier72_Bronze_SmokeGlass_prod19520405_E713989110_F.tif
prod19520405_E713989110_TQ,ImageCenter:2019:Core:8_CO19MOF:Photography:Web:Final:Lighting:BouleDeCristalRoundChandelier72_Bronze_SmokeGlass_prod19520405_E713989110_TQ.tif
prod19520406_E213989080_F,ImageCenter:2019:Core:8_CO19MOF:Photography:Web:Final:Lighting:BouleDeCristalRoundChandelier72_LacqueredBurnishedBrass_SmokeGlass_prod19520406_E213989080_F.tif
prod19520406_E213989080_TQ,ImageCenter:2019:Core:8_CO19MOF:Photography:Web:Final:Lighting:BouleDeCristalRoundChandelier72_LacqueredBurnishedBrass_SmokeGlass_prod19520406_E213989080_TQ.tif
prod19520407_E813988910_F,ImageCenter:2019:Core:8_CO19MOF:Photography:Web:Final:Lighting:BouleDeCristalRoundChandelier72_PolishedNickel_SmokeGlass_prod19520407_E813988910_F.tif
prod19520407_E813988910_TQ,ImageCenter:2019:Core:8_CO19MOF:Photography:Web:Final:Lighting:BouleDeCristalRoundChandelier72_PolishedNickel_SmokeGlass_prod19520407_E813988910_TQ.tif
prod19520408_E313988736_F_CC,ImageCenter:2019:Core:8_CO19MOF:Photography:Web:Final:Colorways:BouleDeCristal_Pendant_Single_Cord_Bronze_SmokeGlass_prod19520408_E313988736_F_CC.tif
prod19520409_E313988736_F,ImageCenter:2019:Core:8_CO19MOF:Photography:Web:Final:Lighting:BouleDeCristalSingleCordPendant_LacqueredBurnishedBrassConversion_SmokeGlass_prod19520409_E313988736_F.tif
prod19520410_E213988667_F,ImageCenter:2019:Core:8_CO19MOF:Photography:Web:Final:Lighting:BouleDeCristalSingleCordPendant_PolishedNickel_SmokeGlass_prod19520410_E213988667_F.tif
prod19520411_E46866392_F_Frank,ImageCenter:2019:Core:8_CO19MOF:Photography:Web:Final:Frankensteins:BouleDeCristal_Pendant_Single_GlassSmoke_Bronze_prod19520411_E46866392_F_Frank.tif
prod19520412_E76866491_F_Frank,ImageCenter:2019:Core:8_CO19MOF:Photography:Web:Final:Frankensteins:BouleDeCristal_Pendant_Single_GlassSmoke_LacqueredBurnishedBrass_prod19520412_E76866491_F_Frank.tif
prod19520413_E213988667_F_Frank,ImageCenter:2019:Core:8_CO19MOF:Photography:Web:Final:Frankensteins:BouleDeCristal_Pendant_Single_PolishedNickel_SmokeGlass_prod19520413_E213988667_F_Frank.tif
prod19520414_E113988294_F,ImageCenter:2019:Core:8_CO19MOF:Photography:Web:Final:Lighting:BouleDeCristalSingleSconce_Bronze_SmokeGlass_prod19520414_E113988294_F.tif
prod19520414_E113988294_TQ,ImageCenter:2019:Core:8_CO19MOF:Photography:Web:Final:Lighting:BouleDeCristalSingleSconce_Bronze_SmokeGlass_prod19520414_E113988294_TQ.tif
prod19520416_E213988126_F,ImageCenter:2019:Core:8_CO19MOF:Photography:Web:Final:Lighting:BouleDeCristalSingleSconce_LacqueredBurnishedBrassConversion_SmokeGlass_prod19520416_E213988126_F.tif
prod19520416_E213988126_TQ,ImageCenter:2019:Core:8_CO19MOF:Photography:Web:Final:Lighting:BouleDeCristalSingleSconce_LacqueredBurnishedBrassConversion_SmokeGlass_prod19520416_E213988126_TQ.tif
prod19520417_E313988067_F,ImageCenter:2019:Core:8_CO19MOF:Photography:Web:Final:Lighting:BouleDeCristalSingleSconce_PolishedNickel_SmokeGlass_prod19520417_E313988067_F.tif
prod19520417_E313988067_TQ,ImageCenter:2019:Core:8_CO19MOF:Photography:Web:Final:Lighting:BouleDeCristalSingleSconce_PolishedNickel_SmokeGlass_prod19520417_E313988067_TQ.tif
prod20290152_E214447010_F_RS,ImageCenter:2020:Outdoor:1_OD20OD1:Photography:Web:Final:Lighting:RavelleSconce_WeatheredZinc_prod20290152_E214447010_F_RS.tif
prod20290152_E214447010_TQ_RS,ImageCenter:2020:Outdoor:1_OD20OD1:Photography:Web:Final:Lighting:RavelleSconce_WeatheredZinc_prod20290152_E214447010_TQ_RS.tif
prod20520434_E214680947_F,ImageCenter:2020:Core:5_CO20FAL:Photography:Web:Final:Lighting:BouleVanitySconce165in_PolishedNickelSmokeGlass_prod20520434_E214680947_F.tif
prod20520434_E214680947_F_V1,ImageCenter:2020:Core:5_CO20FAL:Photography:Web:Final:Lighting:BouleVanitySconce165in_PolishedNickelSmokeGlass_prod20520434_E214680947_F_V1.tif
prod20520434_E214680947_TQ,ImageCenter:2020:Core:5_CO20FAL:Photography:Web:Final:Lighting:BouleVanitySconce165in_PolishedNickelSmokeGlass_prod20520434_E214680947_TQ.tif
prod20520434_E214680947_TQ_V1,ImageCenter:2020:Core:5_CO20FAL:Photography:Web:Final:Lighting:BouleVanitySconce165in_PolishedNickelSmokeGlass_prod20520434_E214680947_TQ_V1.tif
prod20520435_E815823846_F,ImageCenter:2020:Core:5_CO20FAL:Photography:Web:Final:Lighting:BouleVanitySconce165in_BronzeSmokeGlass_prod20520435_E815823846_F_V1.tif
prod20520435_E815823846_F_V1,ImageCenter:2020:Core:5_CO20FAL:Photography:Web:Final:Lighting:BouleVanitySconce165in_BronzeSmokeGlass_prod20520435_E815823846_F_V1.tif
prod20520435_E815823846_TQ,ImageCenter:2020:Core:5_CO20FAL:Photography:Web:Final:Lighting:BouleVanitySconce165in_BronzeSmokeGlass_prod20520435_E815823846_TQ_V1.tif
prod20520435_E815823846_TQ_V1,ImageCenter:2020:Core:5_CO20FAL:Photography:Web:Final:Lighting:BouleVanitySconce165in_BronzeSmokeGlass_prod20520435_E815823846_TQ_V1.tif
prod20520436_E414680776_F,ImageCenter:2020:Core:1_CO20SPR:Photography:Web:Final:Lighting:BouleVanitySconce165in_LacqueredBurnishedBrassSmokeGlass_prod20520436_E414680776_F.tif
prod20520436_E414680776_F_V1,ImageCenter:2020:Core:1_CO20SPR:Photography:Web:Final:Lighting:BouleVanitySconce165in_LacqueredBurnishedBrassSmokeGlass_prod20520436_E414680776_F_V1.tif
prod20520436_E414680776_TQ,ImageCenter:2020:Core:1_CO20SPR:Photography:Web:Final:Lighting:BouleVanitySconce165in_LacqueredBurnishedBrassSmokeGlass_prod20520436_E414680776_TQ.tif
prod20520436_E414680776_TQ_V1,ImageCenter:2020:Core:1_CO20SPR:Photography:Web:Final:Lighting:BouleVanitySconce165in_LacqueredBurnishedBrassSmokeGlass_prod20520436_E414680776_TQ_V1.tif
prod20520437_E514680860_F,ImageCenter:2020:Core:5_CO20FAL:Photography:Web:Final:Lighting:BouleVanitySconce165in_PolishedNickelClearGlass_prod20520437_E514680860_F.tif
prod20520437_E514680860_F_V1,ImageCenter:2020:Core:5_CO20FAL:Photography:Web:Final:Lighting:BouleVanitySconce165in_PolishedNickelClearGlass_prod20520437_E514680860_F_V1.tif
prod20520437_E514680860_TQ,ImageCenter:2020:Core:5_CO20FAL:Photography:Web:Final:Lighting:BouleVanitySconce165in_PolishedNickelClearGlass_prod20520437_E514680860_TQ.tif
prod20520437_E514680860_TQ_V1,ImageCenter:2020:Core:5_CO20FAL:Photography:Web:Final:Lighting:BouleVanitySconce165in_PolishedNickelClearGlass_prod20520437_E514680860_TQ_V1.tif
prod20520438_E15823781_F,ImageCenter:2020:Core:5_CO20FAL:Photography:Web:Final:Lighting:BouleVanitySconce165in_BronzeClearGlass_prod20520438_E15823781_F_V1.tif
prod20520438_E15823781_F_V1,ImageCenter:2020:Core:5_CO20FAL:Photography:Web:Final:Lighting:BouleVanitySconce165in_BronzeClearGlass_prod20520438_E15823781_F_V1.tif
prod20520438_E15823781_TQ,ImageCenter:2020:Core:5_CO20FAL:Photography:Web:Final:Lighting:BouleVanitySconce165in_BronzeClearGlass_prod20520438_E15823781_TQ_V1.tif
prod20520438_E15823781_TQ_V1,ImageCenter:2020:Core:5_CO20FAL:Photography:Web:Final:Lighting:BouleVanitySconce165in_BronzeClearGlass_prod20520438_E15823781_TQ_V1.tif
prod20520439_E914680636_F,ImageCenter:2020:Core:1_CO20SPR:Photography:Web:Final:Lighting:BouleVanitySconce165in_LacqueredBurnishedBrassClearGlass_prod20520439_E914680636_F.tif
prod20520439_E914680636_F_V1,ImageCenter:2020:Core:1_CO20SPR:Photography:Web:Final:Lighting:BouleVanitySconce165in_LacqueredBurnishedBrassClearGlass_prod20520439_E914680636_F_V1.tif
prod20520439_E914680636_TQ,ImageCenter:2020:Core:1_CO20SPR:Photography:Web:Final:Lighting:BouleVanitySconce165in_LacqueredBurnishedBrassClearGlass_prod20520439_E914680636_TQ.tif
prod20520439_E914680636_TQ_V1,ImageCenter:2020:Core:1_CO20SPR:Photography:Web:Final:Lighting:BouleVanitySconce165in_LacqueredBurnishedBrassClearGlass_prod20520439_E914680636_TQ_V1.tif
prod20520440_E81468130_TQ,ImageCenter:2020:Core:1_CO20SPR:Photography:Web:Final:Lighting:BouleVanitySconce275_PolishedNickelSmokeGlass_prod20520440_E81468130_TQ.tif
prod20520440_E81468130_TQ_V1,ImageCenter:2020:Core:1_CO20SPR:Photography:Web:Final:Lighting:BouleVanitySconce275_PolishedNickelSmokeGlass_prod20520440_E81468130_TQ_V1.tif
prod20520441_E615824099_F,ImageCenter:2020:Core:5_CO20FAL:Photography:Web:Final:Lighting:BouleVanitySconce275_BronzeSmokeGlass_prod20520441_E615824099_F_V1.tif
prod20520441_E615824099_F_V1,ImageCenter:2020:Core:5_CO20FAL:Photography:Web:Final:Lighting:BouleVanitySconce275_BronzeSmokeGlass_prod20520441_E615824099_F_V1.tif
prod20520441_E615824099_TQ,ImageCenter:2020:Core:5_CO20FAL:Photography:Web:Final:Lighting:BouleVanitySconce275_BronzeSmokeGlass_prod20520441_E615824099_TQ_V1.tif
prod20520441_E615824099_TQ_V1,ImageCenter:2020:Core:5_CO20FAL:Photography:Web:Final:Lighting:BouleVanitySconce275_BronzeSmokeGlass_prod20520441_E615824099_TQ_V1.tif
prod20520442_E314681150_F,ImageCenter:2020:Core:1_CO20SPR:Photography:Web:Final:Lighting:BouleVanitySconce275_LacqueredBurnishedBrassSmokeGlass_prod20520442_E314681150_F.tif
prod20520442_E314681150_F_V1,ImageCenter:2020:Core:1_CO20SPR:Photography:Web:Final:Lighting:BouleVanitySconce275_LacqueredBurnishedBrassSmokeGlass_prod20520442_E314681150_F_V1.tif
prod20520442_E314681150_TQ,ImageCenter:2020:Core:1_CO20SPR:Photography:Web:Final:Lighting:BouleVanitySconce275_LacqueredBurnishedBrassSmokeGlass_prod20520442_E314681150_TQ.tif
prod20520443_E714681231_F,
prod20520443_E714681231_F_V1,
prod20520443_E714681231_TQ,ImageCenter:2020:Core:1_CO20SPR:Photography:Web:Final:Lighting:BouleVanitySconce275_PolishedNickelClearGlass_prod20520443_E714681231_TQ.tif
prod20520443_E714681231_TQ_V1,
prod20520444_E915823920_F,ImageCenter:2020:Core:5_CO20FAL:Photography:Web:Final:Lighting:BouleVanitySconce275_BronzeClearGlass_prod20520444_E915823920_F_V1.tif
prod20520444_E915823920_F_V1,ImageCenter:2020:Core:5_CO20FAL:Photography:Web:Final:Lighting:BouleVanitySconce275_BronzeClearGlass_prod20520444_E915823920_F_V1.tif
prod20520444_E915823920_TQ,ImageCenter:2020:Core:5_CO20FAL:Photography:Web:Final:Lighting:BouleVanitySconce275_BronzeClearGlass_prod20520444_E915823920_TQ_V1.tif
prod20520444_E915823920_TQ_V1,ImageCenter:2020:Core:5_CO20FAL:Photography:Web:Final:Lighting:BouleVanitySconce275_BronzeClearGlass_prod20520444_E915823920_TQ_V1.tif
prod20520445_E114681012_F,ImageCenter:2020:Core:1_CO20SPR:Photography:Web:Final:Lighting:BouleVanitySconce275_LacqueredBurnishedBrassClearGlass_prod20520445_E114681012_F.tif
prod20520445_E114681012_F_V1,ImageCenter:2020:Core:1_CO20SPR:Photography:Web:Final:Lighting:BouleVanitySconce275_LacqueredBurnishedBrassClearGlass_prod20520445_E114681012_F_V1.tif
prod20520445_E114681012_TQ,ImageCenter:2020:Core:1_CO20SPR:Photography:Web:Final:Lighting:BouleVanitySconce275_LacqueredBurnishedBrassClearGlass_prod20520445_E114681012_TQ.tif
prod20520445_E114681012_TQ_V1,ImageCenter:2020:Core:1_CO20SPR:Photography:Web:Final:Lighting:BouleVanitySconce275_LacqueredBurnishedBrassClearGlass_prod20520445_E114681012_TQ_V1.tif
prod20670278_E51501612_F,ImageCenter:2020:Core:6_CO20MOF:Photography:Web:Final:Lighting:IndoorSconce_VintageBrass_prod20670278_E51501612_F.tif
prod20670278_E51501612_TQ,ImageCenter:2020:Core:6_CO20MOF:Photography:Web:Final:Lighting:IndoorSconce_VintageBrass_prod20670278_E51501612_TQ.tif
prod20670279_E91501626_F,ImageCenter:2020:Core:6_CO20MOF:Photography:Web:Final:Lighting:IndoorSconce_SatinNickel_prod20670279_E91501626_F.tif
prod20670279_E91501626_TQ,ImageCenter:2020:Core:6_CO20MOF:Photography:Web:Final:Lighting:IndoorSconce_SatinNickel_prod20670279_E91501626_TQ.tif
prod20670280_E51501612_F_CC,ImageCenter:2020:Core:6_CO20MOF:Photography:Web:Final:Colorways:Rain_Sconce_Indoor_Bronze_prod20670280_E51501612_F_CC.tif
prod20670280_E51501612_TQ_CC,ImageCenter:2020:Core:6_CO20MOF:Photography:Web:Final:Colorways:Rain_Sconce_Indoor_Bronze_prod20670280_E51501612_TQ_CC.tif
prod20670281_E715014089_DTL,ImageCenter:2020:Core:6_CO20MOF:Photography:Web:Final:Lighting:RainRoundChandelier60inVintageBrass_prod20670281_E715014089_DTL.tif
prod20670281_E715014089_F_Grand_Entry_Frank,ImageCenter:2020:Core:6_CO20MOF:Photography:Web:Final:Frankensteins:RainRoundChandelier60inVintageBrass_prod20670281_E715014089_F_Grand_Entry_Frank.tif
prod20670281_E715014089_F_RS,ImageCenter:2020:Core:6_CO20MOF:Photography:Web:Final:Lighting:RainRoundChandelier60inVintageBrass_prod20670281_E715014089_F_RS.tif
prod20670282_E715014089_DTL_CC,ImageCenter:2020:Core:6_CO20MOF:Photography:Web:Final:Colorways:Rain_Chandelier_Round_60in_SatinNickel_prod20670282_E715014089_DTL_CC.tif
prod20670282_E715014089_F_CC,ImageCenter:2020:Core:6_CO20MOF:Photography:Web:Final:Colorways:Rain_Chandelier_Round_60in_SatinNickel_prod20670282_E715014089_F_CC.tif
prod20670282_E715014089_F_Grand_Entry_Frank,ImageCenter:2020:Core:6_CO20MOF:Photography:Web:Final:Frankensteins:Rain_Chandelier_Round_60in_SatinNickel_prod20670282_E715014089_F_Grand_Entry_Frank.tif
prod20670283_E715014089_DTL_CC,ImageCenter:2020:Core:6_CO20MOF:Photography:Web:Final:Colorways:Rain_Chandelier_Round_60in_Bronze_prod20670283_E715014089_DTL_CC.tif
prod20670283_E715014089_F_CC,ImageCenter:2020:Core:6_CO20MOF:Photography:Web:Final:Colorways:Rain_Chandelier_Round_60in_Bronze_prod20670283_E715014089_F_CC.tif
prod20670283_E715014089_F_Grand_Entry_Frank,ImageCenter:2020:Core:6_CO20MOF:Photography:Web:Final:Frankensteins:Rain_Chandelier_Round_60in_Bronze_prod20670283_E715014089_F_Grand_Entry_Frank.tif
prod20670284_E415832212_DTL_Hero,ImageCenter:2020:Core:6_CO20MOF:Photography:Web:Final:Lighting:RainLinearChandelier54in_VintageBrass_prod20670284_E415832212_DTL_Hero.tif
prod20670284_E415832212_F_Grand_Entry_Frank,ImageCenter:2020:Core:6_CO20MOF:Photography:Web:Final:Frankensteins:RainLinearChandelier54in_VintageBrass_prod20670284_E415832212_F_Grand_Entry_Frank.tif
prod20670284_E415832212_F_Hero_R2,ImageCenter:2020:Core:6_CO20MOF:Photography:Web:Final:Lighting:RainLinearChandelier54in_VintageBrass_prod20670284_E415832212_F_Hero_R2.tif
prod20670284_E415832212_S_Hero_R1,ImageCenter:2020:Core:6_CO20MOF:Photography:Web:Final:Lighting:RainLinearChandelier54in_VintageBrass_prod20670284_E415832212_S_Hero_R1.tif
prod20670284_E415832212_TQ_Hero_R1,ImageCenter:2020:Core:6_CO20MOF:Photography:Web:Final:Lighting:RainLinearChandelier54in_VintageBrass_prod20670284_E415832212_TQ_Hero_R1.tif
prod20670285_E315832372_F,ImageCenter:2020:Core:6_CO20MOF:Photography:Web:Final:Lighting:RainLinearChandelier54in_SatinNickel_prod20670285_E315832372_F.tif
prod20670285_E315832372_F_Grand_Entry_Frank,ImageCenter:2020:Core:6_CO20MOF:Photography:Web:Final:Frankensteins:RainLinearChandelier54in_SatinNickel_prod20670285_E315832372_F_Grand_Entry_Frank.tif
prod20670285_E315832372_S,ImageCenter:2020:Core:6_CO20MOF:Photography:Web:Final:Lighting:RainLinearChandelier54in_SatinNickel_prod20670285_E315832372_S.tif
prod20670285_E315832372_TQ,ImageCenter:2020:Core:6_CO20MOF:Photography:Web:Final:Lighting:RainLinearChandelier54in_SatinNickel_prod20670285_E315832372_TQ.tif
prod20670286_E415832212_DTL_Hero_CC,ImageCenter:2020:Core:6_CO20MOF:Photography:Web:Final:Colorways:Rain_Chandelier_Linear_54in_Bronze_prod20670286_E415832212_DTL_Hero_CC.tif
prod20670286_E415832212_F_CC,ImageCenter:2020:Core:6_CO20MOF:Photography:Web:Final:Colorways:Rain_Chandelier_Linear_54in_Bronze_prod20670286_E415832212_F_CC.tif
prod20670286_E415832212_F_Grand_Entry_Frank,ImageCenter:2020:Core:6_CO20MOF:Photography:Web:Final:Frankensteins:Rain_Chandelier_Linear_54in_Bronze_prod20670286_E415832212_F_Grand_Entry_Frank.tif
prod20670286_E415832212_S_CC,ImageCenter:2020:Core:6_CO20MOF:Photography:Web:Final:Colorways:Rain_Chandelier_Linear_54in_Bronze_prod20670286_E415832212_S_CC.tif
prod20670286_E415832212_TQ_CC,ImageCenter:2020:Core:6_CO20MOF:Photography:Web:Final:Colorways:Rain_Chandelier_Linear_54in_Bronze_prod20670286_E415832212_TQ_CC.tif
prod20670287_E915832565_DTL_V2,ImageCenter:2020:Core:6_CO20MOF:Photography:Web:Final:Lighting:RainLinearChandelier72in_VintageBrass_prod20670287_E915832565_DTL_V2.tif
prod20670287_E915832565_F_Grand_Entry_Frank,ImageCenter:2020:Core:6_CO20MOF:Photography:Web:Final:Frankensteins:RainLinearChandelier72in_VintageBrass_prod20670287_E915832565_F_Grand_Entry_Frank.tif
prod20670287_E915832565_F_Hero_R3,ImageCenter:2020:Core:6_CO20MOF:Photography:Web:Final:Lighting:RainLinearChandelier72in_VintageBrass_prod20670287_E915832565_F_Hero_R3.tif
prod20670287_E915832565_S_Hero,ImageCenter:2020:Core:6_CO20MOF:Photography:Web:Final:Lighting:RainLinearChandelier72in_VintageBrass_prod20670287_E915832565_S_Hero.tif
prod20670287_E915832565_TQ_Hero,ImageCenter:2020:Core:6_CO20MOF:Photography:Web:Final:Lighting:RainLinearChandelier72in_VintageBrass_prod20670287_E915832565_TQ_Hero.tif
prod20670288_E615832673_DTL_Hero,ImageCenter:2020:Core:6_CO20MOF:Photography:Web:Final:Lighting:RainLinearChandelier72in_SatinNickel_prod20670288_E615832673_DTL_Hero.tif
prod20670288_E615832673_F_Grand_Entry_Frank,ImageCenter:2020:Core:6_CO20MOF:Photography:Web:Final:Frankensteins:RainLinearChandelier72in_SatinNickel_prod20670288_E615832673_F_Grand_Entry_Frank.tif
prod20670288_E615832673_F_Hero_R1,ImageCenter:2020:Core:6_CO20MOF:Photography:Web:Final:Lighting:RainLinearChandelier72in_SatinNickel_prod20670288_E615832673_F_Hero_R1.tif
prod20670288_E615832673_S_Hero_R2,ImageCenter:2020:Core:6_CO20MOF:Photography:Web:Final:Lighting:RainLinearChandelier72in_SatinNickel_prod20670288_E615832673_S_Hero_R2.tif
prod20670288_E615832673_TQ_Hero_R2,ImageCenter:2020:Core:6_CO20MOF:Photography:Web:Final:Lighting:RainLinearChandelier72in_SatinNickel_prod20670288_E615832673_TQ_Hero_R2.tif
prod20670289_E915832565_DTL_V2_CC,ImageCenter:2020:Core:6_CO20MOF:Photography:Web:Final:Colorways:Rain_Chandelier_Linear_72in_Bronze_prod20670289_E915832565_DTL_V2_CC.tif
prod20670289_E915832565_F_CC,ImageCenter:2020:Core:6_CO20MOF:Photography:Web:Final:Colorways:Rain_Chandelier_Linear_72in_Bronze_prod20670289_E915832565_F_CC.tif
prod20670289_E915832565_F_Grand_Entry_Frank,ImageCenter:2020:Core:6_CO20MOF:Photography:Web:Final:Frankensteins:Rain_Chandelier_Linear_72in_Bronze_prod20670289_E915832565_F_Grand_Entry_Frank.tif
prod20670289_E915832565_S_Hero_CC,ImageCenter:2020:Core:6_CO20MOF:Photography:Web:Final:Colorways:Rain_Chandelier_Linear_72in_Bronze_prod20670289_E915832565_S_Hero_CC.tif
prod20670289_E915832565_TQ_Hero_CC,ImageCenter:2020:Core:6_CO20MOF:Photography:Web:Final:Colorways:Rain_Chandelier_Linear_72in_Bronze_prod20670289_E915832565_TQ_Hero_CC.tif
prod20670290_E215015265_DTL,ImageCenter:2020:Core:6_CO20MOF:Photography:Web:Final:Lighting:RainRoundChandelier18in_VintageBrass_prod20670290_E215015265_DTL.tif
prod20670290_E215015265_F,ImageCenter:2020:Core:6_CO20MOF:Photography:Web:Final:Lighting:RainRoundChandelier18in_VintageBrass_prod20670290_E215015265_F.tif
prod20670291_E715015353_DTL,ImageCenter:2020:Core:6_CO20MOF:Photography:Web:Final:Lighting:RainRoundChandelier18in_SatinNickel_prod20670291_E715015353_DTL.tif
prod20670291_E715015353_F,ImageCenter:2020:Core:6_CO20MOF:Photography:Web:Final:Lighting:RainRoundChandelier18in_SatinNickel_prod20670291_E715015353_F.tif
prod20670292_E215015265_DTL_CC,ImageCenter:2020:Core:6_CO20MOF:Photography:Web:Final:Colorways:Rain_Chandelier_Round_18in_Bronze_prod20670292_E215015265_DTL_CC.tif
prod20670292_E215015265_F_CC,ImageCenter:2020:Core:6_CO20MOF:Photography:Web:Final:Colorways:Rain_Chandelier_Round_18in_Bronze_prod20670292_E215015265_F_CC.tif
prod20670293_E215886477_DTL_Hero,ImageCenter:2020:Core:6_CO20MOF:Photography:Web:Final:Lighting:RainRoundChandelier36in_VintageBrass_prod20670293_E215886477_DTL_Hero.tif
prod20670293_E215886477_F_Grand_Entry_Frank,ImageCenter:2020:Core:6_CO20MOF:Photography:Web:Final:Frankensteins:RainRoundChandelier36in_VintageBrass_prod20670293_E215886477_F_Grand_Entry_Frank.tif
prod20670293_E215886477_F_Hero_R3,ImageCenter:2020:Core:6_CO20MOF:Photography:Web:Final:Lighting:RainRoundChandelier36in_VintageBrass_prod20670293_E215886477_F_Hero_R3.tif
prod20670294_E415886535_DTL_Hero,ImageCenter:2020:Core:6_CO20MOF:Photography:Web:Final:Lighting:RainRoundChandelier36in_SatinNickel_prod20670294_E415886535_DTL_100044_Hero.tif
prod20670294_E415886535_F_99980_HERO_R3,ImageCenter:2020:Core:6_CO20MOF:Photography:Web:Final:Lighting:RainRoundChandelier36in_SatinNickel_prod20670294_E415886535_F_99980_HERO_R3.tif
prod20670294_E415886535_F_Grand_Entry_Frank,ImageCenter:2020:Core:6_CO20MOF:Photography:Web:Final:Frankensteins:RainRoundChandelier36in_SatinNickel_prod20670294_E415886535_F_Grand_Entry_Frank.tif
prod20670295_E215886477_DTL_Hero_CC,ImageCenter:2020:Core:6_CO20MOF:Photography:Web:Final:Colorways:Rain_Chandelier_Round_36in_Bronze_prod20670295_E215886477_DTL_Hero_CC.tif
prod20670295_E215886477_F_CC,ImageCenter:2020:Core:6_CO20MOF:Photography:Web:Final:Colorways:Rain_Chandelier_Round_36in_Bronze_prod20670295_E215886477_F_CC.tif
prod20670295_E215886477_F_Grand_Entry_Frank,ImageCenter:2020:Core:6_CO20MOF:Photography:Web:Final:Frankensteins:Rain_Chandelier_Round_36in_Bronze_prod20670295_E215886477_F_Grand_Entry_Frank.tif
prod20670296_E515015892_DTL,ImageCenter:2020:Core:6_CO20MOF:Photography:Web:Final:Lighting:RainRoundChandelier47in_VintageBrass_prod20670296_E515015892_DTL.tif
prod20670296_E515015892_F_Grand_Entry_Frank,ImageCenter:2020:Core:6_CO20MOF:Photography:Web:Final:Frankensteins:RainRoundChandelier47in_VintageBrass_prod20670296_E515015892_F_Grand_Entry_Frank.tif
prod20670296_E515015892_F_R2,ImageCenter:2020:Core:6_CO20MOF:Photography:Web:Final:Lighting:RainRoundChandelier47in_VintageBrass_prod20670296_E515015892_F_R2.tif
prod20670297_E115015974_F,ImageCenter:2020:Core:6_CO20MOF:Photography:Web:Final:Lighting:RainRoundChandelier47in_SatinNickel_prod20670297_E115015974_F.tif
prod20670297_E115015974_F_Grand_Entry_Frank,ImageCenter:2020:Core:6_CO20MOF:Photography:Web:Final:Frankensteins:RainRoundChandelier47in_SatinNickel_prod20670297_E115015974_F_Grand_Entry_Frank.tif
prod20670298_E515015892_DTL_CC,ImageCenter:2020:Core:6_CO20MOF:Photography:Web:Final:Colorways:Rain_Chandelier_Round_47in_Bronze_prod20670298_E515015892_DTL_CC.tif
prod20670298_E515015892_F_CC,ImageCenter:2020:Core:6_CO20MOF:Photography:Web:Final:Colorways:Rain_Chandelier_Round_47in_Bronze_prod20670298_E515015892_F_CC.tif
prod20670298_E515015892_F_Grand_Entry_Frank,ImageCenter:2020:Core:6_CO20MOF:Photography:Web:Final:Frankensteins:Rain_Chandelier_Round_47in_Bronze_prod20670298_E515015892_F_Grand_Entry_Frank.tif
prod20670299_E915014935_DTL,ImageCenter:2020:Core:6_CO20MOF:Photography:Web:Final:Lighting:RainPendant_VintageBrass_prod20670299_E915014935_DTL.tif
prod20670299_E915014935_F,ImageCenter:2020:Core:6_CO20MOF:Photography:Web:Final:Lighting:RainPendant_VintageBrass_prod20670299_E915014935_F.tif
prod20670300_E215015081_DTL,ImageCenter:2020:Core:6_CO20MOF:Photography:Web:Final:Lighting:RainPendant_SatinNickel_prod20670300_E215015081_DTL.tif
prod20670300_E215015081_F,ImageCenter:2020:Core:6_CO20MOF:Photography:Web:Final:Lighting:RainPendant_SatinNickel_prod20670300_E215015081_F.tif
prod20670301_E915014935_DTL_CC,ImageCenter:2020:Core:6_CO20MOF:Photography:Web:Final:Colorways:Rain_Pendant_Bronze_prod20670301_E915014935_DTL_CC.tif
prod20670301_E915014935_F_CC,ImageCenter:2020:Core:6_CO20MOF:Photography:Web:Final:Colorways:Rain_Pendant_Bronze_prod20670301_E915014935_F_CC.tif
prod22480097_E916126788_F,ImageCenter:2020:Core:6_CO20MOF:Photography:Web:Final:Lighting:RainOutdoorSconceBronze_prod22480097_E916126788_F.tif
prod22480097_E916126788_TQ,ImageCenter:2020:Core:6_CO20MOF:Photography:Web:Final:Lighting:RainOutdoorSconceBronze_prod22480097_E916126788_TQ.tif
prod22480098_E61612685_F,ImageCenter:2020:Core:6_CO20MOF:Photography:Web:Final:Lighting:RainOutdoorSconce_SatinNickel_prod22480098_E61612685_F.tif
prod22480098_E61612685_TQ,ImageCenter:2020:Core:6_CO20MOF:Photography:Web:Final:Lighting:RainOutdoorSconce_SatinNickel_prod22480098_E61612685_TQ.tif
prod22480099_E916126962_F,ImageCenter:2020:Core:6_CO20MOF:Photography:Web:Final:Lighting:RainOutdoorSconce_VintageBrass_prod22480099_E916126962_F.tif
prod22480099_E916126962_TQ,ImageCenter:2020:Core:6_CO20MOF:Photography:Web:Final:Lighting:RainOutdoorSconce_VintageBrass_prod22480099_E916126962_TQ.tif
prod24980158_E817503055_CANO_CC,
prod24980158_E817503055_F_CC,
prod24980159_E817503055_F,
prod24980160_E817503055_CANO_CC,
prod24980160_E817503055_F_CC,
prod24980161_E917503257_F,
prod24980161_E917503257_TQ,
prod24980162_E817503388_F,
prod24980162_E817503388_TQ,
prod24980163_E817503388_F_CC,
prod24980164_E17503434_F,ImageCenter:2021:Core:5_CO21FAL:Photography:Web:Final:Lighting:RavelleLinearSconce_PolishedNickel_prod24980164_E17503434_F.tif
prod24980164_E17503434_F_V1,ImageCenter:2021:Core:5_CO21FAL:Photography:Web:Final:Lighting:RavelleLinearSconce_PolishedNickel_prod24980164_E17503434_F_V1.tif
prod24980164_E17503434_TQ,ImageCenter:2021:Core:5_CO21FAL:Photography:Web:Final:Lighting:RavelleLinearSconce_PolishedNickel_prod24980164_E17503434_TQ.tif
prod24980164_E17503434_TQ_V1,ImageCenter:2021:Core:5_CO21FAL:Photography:Web:Final:Lighting:RavelleLinearSconce_PolishedNickel_prod24980164_E17503434_TQ_V1.tif
prod24980165_E517503537_F,ImageCenter:2021:Core:5_CO21FAL:Photography:Web:Final:Lighting:RavelleLinearSconce_LacqueredBurnishedBrass_prod24980165_E517503537_F.tif
prod24980165_E517503537_F_V1,ImageCenter:2021:Core:5_CO21FAL:Photography:Web:Final:Lighting:RavelleLinearSconce_LacqueredBurnishedBrass_prod24980165_E517503537_F_V1.tif
prod24980165_E517503537_TQ,ImageCenter:2021:Core:5_CO21FAL:Photography:Web:Final:Lighting:RavelleLinearSconce_LacqueredBurnishedBrass_prod24980165_E517503537_TQ.tif
prod24980165_E517503537_TQ_V1,ImageCenter:2021:Core:5_CO21FAL:Photography:Web:Final:Lighting:RavelleLinearSconce_LacqueredBurnishedBrass_prod24980165_E517503537_TQ_V1.tif
prod24980166_E517503537_F_CC,
prod24980166_E517503537_TQ_CC,ImageCenter:2021:Core:6_CO21CONT:Photography:Web:Final:Colorways:Ravelle_LinearSconce_Bronze_prod24980166_E517503537_TQ_CC.tif
prod6410938_E76145528_F,ImageCenter:2015:Core:13_CO15MOF:Photography:Web:Final:Lighting:BouleDeCristalRoundChandelier48Dia_ModernBrass_prod6410938_E76145528_F.tif
prod6410938_E76145528_F_V1,ImageCenter:2015:Core:13_CO15MOF:Photography:Web:Final:Lighting:BouleDeCristalRoundChandelier48Dia_ModernBrass_prod6410938_E76145528_F_V1.tif
prod6410938_E79643232_CANO,ImageCenter:2017:Core:2_CO17MOS:Photography:Web:Final:Lighting:BouleDeCristalRoundChandelier48Dia_LacqueredBurnishedBrass_prod6410938_E79643232_CANO.tif
prod6410939_E96145651_F,ImageCenter:2015:Core:13_CO15MOF:Photography:Web:Final:Lighting:BouleDeCristalSingleSconce_ModernBrass_prod6410939_E96145651_F.tif
prod6410939_E96145651_TQ,ImageCenter:2015:Core:13_CO15MOF:Photography:Web:Final:Lighting:BouleDeCristalSingleSconce_ModernBrass_prod6410939_E96145651_TQ.tif
prod6411010_E26862413_F_CC,ImageCenter:2015:Core:13_CO15MOF:Photography:Web:Final:Colorways:BouleDeCristal_Flushmount_Brass_Bronze_24in_prod6411010_E26862413_F_CC.tif
prod6420922_E76100990_F,ImageCenter:2015:Core:13_CO15MOF:Photography:Web:Final:Lighting:BouleDeCristalRoundChandelier48Dia_Bronze_prod6420922_E76100990_F.tif
prod6420923_E56866158_DTL,ImageCenter:2015:Core:13_CO15MOF:Photography:Web:Final:Lighting:BouleDeCristalRoundChandelier72Dia_Bronze_prod6420923_E56866158_DTL.tif
prod6420923_E56866158_F,ImageCenter:2015:Core:13_CO15MOF:Photography:Web:Final:Lighting:BouleDeCristalRoundChandelier72Dia_Bronze_prod6420923_E56866158_F.tif
prod6420923_E56866158_F_V1,ImageCenter:2015:Core:13_CO15MOF:Photography:Web:Final:Lighting:BouleDeCristalRoundChandelier72Dia_Bronze_prod6420923_E56866158_F_V1.tif
prod6430300_E26865773_F,ImageCenter:2015:Core:13_CO15MOF:Photography:Web:Final:Lighting:BouleDeCristalLinearChandelier48L_Bronze_prod6430300_E26865773_F.tif
prod6430300_E26865773_F_V1,ImageCenter:2015:Core:13_CO15MOF:Photography:Web:Final:Lighting:BouleDeCristalLinearChandelier48L_Bronze_prod6430300_E26865773_F_V1.tif
prod6430300_E39649216_Cano,ImageCenter:2017:Core:2_CO17MOS:Photography:Web:Final:Lighting:BouleDeCristalLinearChandelier48L_Bronze_prod6430300_E39649216_Cano.tif
prod6430301_E76170148_Cano,ImageCenter:2015:Core:13_CO15MOF:Photography:Web:Final:Lighting:BouleDeCristalLinearChandelier48L_ModernBrass_prod6430301_E76170148_Cano.tif
prod6430301_E76170148_F,ImageCenter:2015:Core:13_CO15MOF:Photography:Web:Final:Lighting:BouleDeCristalLinearChandelier48L_ModernBrass_prod6430301_E76170148_F_V1.tif
prod6430301_E76170148_F_V1,ImageCenter:2015:Core:13_CO15MOF:Photography:Web:Final:Lighting:BouleDeCristalLinearChandelier48L_ModernBrass_prod6430301_E76170148_F_V1.tif
prod6430303_E6865868_F,ImageCenter:2015:Core:13_CO15MOF:Photography:Web:Final:Lighting:BouleDeCristalLinearChandelier60L_ModernBrass_prod6430303_E6865868_F.tif
prod6430303_E6865868_F_V1,ImageCenter:2015:Core:13_CO15MOF:Photography:Web:Final:Lighting:BouleDeCristalLinearChandelier60L_ModernBrass_prod6430303_E6865868_F_V1.tif
prod6430306_E46865968_F,ImageCenter:2015:Core:13_CO15MOF:Photography:Web:Final:Lighting:BouleDeCristalRoundChandelier60Dia_Bronze_prod6430306_E46865968_F.tif
prod6430307_E46866071_F,ImageCenter:2015:Core:13_CO15MOF:Photography:Web:Final:Lighting:BouleDeCristalRoundChandelier60Dia_ModernBrass_prod6430307_E46866071_F.tif
prod6430310_E66866225_F_RS,ImageCenter:2015:Core:13_CO15MOF:Photography:Web:Final:Lighting:BouleDeCristalRoundChandelier72Dia_ModernBrass_prod6430310_E66866225_F_RS.tif
prod6430310_E66866225_F_V1,ImageCenter:2015:Core:13_CO15MOF:Photography:Web:Final:Lighting:BouleDeCristalRoundChandelier72Dia_ModernBrass_prod6430310_E66866225_F_V1.tif
prod6430312_E6862914_F,ImageCenter:2015:Core:13_CO15MOF:Photography:Web:Final:Lighting:BouleDeCristalFlushmount24_ModernBrass_prod6430312_E6862914_F.tif
prod6430314_E46866392_F,ImageCenter:2015:Core:13_CO15MOF:Photography:Web:Final:Lighting:BouleDeCristalPendant_Bronze_prod6430314_E46866392_F.tif
prod6430315_E76866491_F,ImageCenter:2015:Core:13_CO15MOF:Photography:Web:Final:Lighting:BouleDeCristalPendant_ModernBrass_prod6430315_E76866491_F.tif
prod6430553_E26861756_F,ImageCenter:2015:Core:13_CO15MOF:Photography:Web:Final:Lighting:BouleDeCristalSingleSconce_Bronze_prod6430553_E26861756_F.tif
prod6430553_E26861756_TQ,ImageCenter:2015:Core:13_CO15MOF:Photography:Web:Final:Lighting:BouleDeCristalSingleSconce_Bronze_prod6430553_E26861756_TQ.tif
prod6430554_E39649191_Cano,ImageCenter:2017:Core:2_CO17MOS:Photography:Web:Final:Lighting:BouleDeCristalLinearChandelier60L_Bronze_prod6430554_E39649191_Cano.tif
prod6430554_E56862563_F,ImageCenter:2015:Core:13_CO15MOF:Photography:Web:Final:Lighting:BouleDeCristalLinearChandelier60L_Bronze_prod6430554_E56862563_F.tif
prod6430554_E56862563_F_V1,ImageCenter:2015:Core:13_CO15MOF:Photography:Web:Final:Lighting:BouleDeCristalLinearChandelier60L_Bronze_prod6430554_E56862563_F_V1.tif
prod6431151_E96869933_F,ImageCenter:2015:Core:13_CO15MOF:Photography:Web:Final:Lighting:BouleDeCristalLongSconceModernBrass_prod6431151_E96869933_F.tif
prod6431151_E96869933_TQ,ImageCenter:2015:Core:13_CO15MOF:Photography:Web:Final:Lighting:BouleDeCristalLongSconceModernBrass_prod6431151_E96869933_TQ.tif
prod6431152_E36869854_F,ImageCenter:2015:Core:13_CO15MOF:Photography:Web:Final:Lighting:BouleDeCristalLongSconceBronze_prod6431152_E36869854_F.tif
prod6431152_E36869854_TQ,ImageCenter:2015:Core:13_CO15MOF:Photography:Web:Final:Lighting:BouleDeCristalLongSconceBronze_prod6431152_E36869854_TQ.tif
prod6441288_E19649445_Cano,ImageCenter:2017:Core:2_CO17MOS:Photography:Web:Final:Lighting:BouleDeCristalLinearChandelier48L_PolishedNickel_prod6441288_E19649445_Cano.tif
prod6441288_E6869623_F,ImageCenter:2015:Core:13_CO15MOF:Photography:Web:Final:Lighting:BouleDeCristalLinearChandelier48L_PolishedNickel_prod6441288_E6869623_F.tif
prod6441288_E6869623_F_V1,ImageCenter:2015:Core:13_CO15MOF:Photography:Web:Final:Lighting:BouleDeCristalLinearChandelier48L_PolishedNickel_prod6441288_E6869623_F_V1.tif
prod6441289_E59649581_Cano,ImageCenter:2017:Core:2_CO17MOS:Photography:Web:Final:Lighting:BouleDeCristalLinearChandelier60L_PolishedNickel_prod6441289_E59649581_Cano.tif
prod6441289_E76869717_F,ImageCenter:2015:Core:13_CO15MOF:Photography:Web:Final:Lighting:BouleDeCristalLinearChandelier60L_PolishedNickel_prod6441289_E76869717_F.tif
prod6441289_E76869717_F_V1,ImageCenter:2015:Core:13_CO15MOF:Photography:Web:Final:Lighting:BouleDeCristalLinearChandelier60L_PolishedNickel_prod6441289_E76869717_F_V1.tif
prod6441290_E86215528_F,ImageCenter:2015:Core:13_CO15MOF:Photography:Web:Final:Lighting:BouleDeCristalRndChandelier48Dia_PolishedNickel_prod6441290_E86215528_F.tif
prod6441291_E46870296_F,ImageCenter:2015:Core:13_CO15MOF:Photography:Web:Final:Lighting:BouleDeCristalRndChandelier60Dia_PolishedNickel_prod6441291_E46870296_F.tif
prod6441292_E46870364_F,ImageCenter:2015:Core:13_CO15MOF:Photography:Web:Final:Lighting:BouleDeCristalRndChandelier72Dia_PolishedNickel_prod6441292_E46870364_F.tif
prod6441294_E26869515_F,ImageCenter:2015:Core:13_CO15MOF:Photography:Web:Final:Lighting:BouleDeCristalFlushmount24_PolishedNickel_prod6441294_E26869515_F.tif
prod6441295_E59644064_CANO,ImageCenter:2017:Core:2_CO17MOS:Photography:Web:Final:Lighting:BouleDeCristalPendant_PolishedNickel_prod6441295_E59644064_CANO.tif
prod6441295_E86870179_F,ImageCenter:2015:Core:13_CO15MOF:Photography:Web:Final:Lighting:BouleDeCristalPendant_PolishedNickel_prod6441295_E86870179_F.tif
prod6441305_E56870079_F,ImageCenter:2015:Core:13_CO15MOF:Photography:Web:Final:Lighting:BouleDeCristalLongSconcePolishedNickel_prod6441305_E56870079_F.tif
prod6441305_E56870079_TQ,ImageCenter:2015:Core:13_CO15MOF:Photography:Web:Final:Lighting:BouleDeCristalLongSconcePolishedNickel_prod6441305_E56870079_TQ.tif
prod6441306_E36870498_F,ImageCenter:2015:Core:13_CO15MOF:Photography:Web:Final:Lighting:BouleDeCristalSingleSconce_PolishedNickel_prod6441306_E36870498_F.tif
prod6441306_E36870498_TQ,ImageCenter:2015:Core:13_CO15MOF:Photography:Web:Final:Lighting:BouleDeCristalSingleSconce_PolishedNickel_prod6441306_E36870498_TQ.tif
prod9590194_E99020952_F,ImageCenter:2016:Core:3_CO16MOF:Photography:Web:Final:Lighting:BouleDeCristalCluster_AntiqueBrassCO16MOFLIGHTAdds620_prod9590194_E99020952_F.tif
prod9590195_E99021065_F,ImageCenter:2016:Core:3_CO16MOF:Photography:Web:Final:Lighting:BouleDeCristalCluster_BronzeCO16MOFLIGHTAdds620_prod9590195_E99021065_F.tif
prod9590196_E89021154_F,ImageCenter:2016:Core:3_CO16MOF:Photography:Web:Final:Lighting:BouleDeCristalCluster_PolishedNickelCO16MOFLIGHTAdds620_prod9590196_E89021154_F.tif